term	p.adj
overall	6.387365110349992e-22
interaction	7.571599478515269e-9
