term	p.adj
overall	9.896040195280541e-8
interaction	1.397595959263662e-11
